開催日,競馬場,レース番号,レース名,距離,コース,馬場状態,出走頭数,馬番,馬名,騎手
2025-08-30,chukyo,3,3歳未勝利,2200,芝,良,15,1,リーティアコナル,小崎
2025-08-30,chukyo,3,3歳未勝利,2200,芝,良,15,2,サイモンノーブル,高杉
2025-08-30,chukyo,3,3歳未勝利,2200,芝,良,15,3,シュパネントダイヤ,川田
2025-08-30,chukyo,3,3歳未勝利,2200,芝,良,15,4,タイキフィアリーベ,西塚
2025-08-30,chukyo,3,3歳未勝利,2200,芝,良,15,5,マイネルビスマルク,松若
2025-08-30,chukyo,3,3歳未勝利,2200,芝,良,15,6,アサガクル,団野
2025-08-30,chukyo,3,3歳未勝利,2200,芝,良,15,7,リビングストン,松山
2025-08-30,chukyo,3,3歳未勝利,2200,芝,良,15,8,ルセルマンダムール,角田和
2025-08-30,chukyo,3,3歳未勝利,2200,芝,良,15,9,シーラスストリーク,富田
2025-08-30,chukyo,3,3歳未勝利,2200,芝,良,15,10,フガート,国分優
2025-08-30,chukyo,3,3歳未勝利,2200,芝,良,15,11,ティプタラ,菱田
2025-08-30,chukyo,3,3歳未勝利,2200,芝,良,15,12,マジェスティルール,川端
2025-08-30,chukyo,3,3歳未勝利,2200,芝,良,15,13,ポジターノ,永島
2025-08-30,chukyo,3,3歳未勝利,2200,芝,良,15,14,ネオクイーン,河原田
2025-08-30,chukyo,3,3歳未勝利,2200,芝,良,15,15,レッドサジェス,吉村
2025-08-30,chukyo,4,3歳未勝利,0,芝,良,16,1,スリーローズ,和田翼
2025-08-30,chukyo,4,3歳未勝利,0,芝,良,16,2,ジャスティンロング,田口
2025-08-30,chukyo,4,3歳未勝利,0,芝,良,16,3,ランドオブファイア,岩田康
2025-08-30,chukyo,4,3歳未勝利,0,芝,良,16,4,フランキーバローズ,川田
2025-08-30,chukyo,4,3歳未勝利,0,芝,良,16,5,エーグルドール,田山
2025-08-30,chukyo,4,3歳未勝利,0,芝,良,16,6,ブラックレイ,吉村
2025-08-30,chukyo,4,3歳未勝利,0,芝,良,16,7,クリノエドガー,城戸
2025-08-30,chukyo,4,3歳未勝利,0,芝,良,16,8,モルテンコア,菱田
2025-08-30,chukyo,4,3歳未勝利,0,芝,良,16,9,アメリカンバー,富田
2025-08-30,chukyo,4,3歳未勝利,0,芝,良,16,10,オーラエグザート,高杉
2025-08-30,chukyo,4,3歳未勝利,0,芝,良,16,11,イフウドウドウ,角田和
2025-08-30,chukyo,4,3歳未勝利,0,芝,良,16,12,ペプチドモガミ,松山
2025-08-30,chukyo,4,3歳未勝利,0,芝,良,16,13,キタノチェンジ,川端
2025-08-30,chukyo,4,3歳未勝利,0,芝,良,16,14,バルミラクル,鮫島良
2025-08-30,chukyo,4,3歳未勝利,0,芝,良,16,15,ハッピーダンチャン,西塚
2025-08-30,chukyo,4,3歳未勝利,0,芝,良,16,16,プルクワ,団野
2025-08-30,chukyo,6,3歳未勝利,1600,芝,良,16,1,ルクスフレンジー,酒井
2025-08-30,chukyo,6,3歳未勝利,1600,芝,良,16,2,メイショウロンド,富田
2025-08-30,chukyo,6,3歳未勝利,1600,芝,良,16,3,ジュヌフィーユ,田口
2025-08-30,chukyo,6,3歳未勝利,1600,芝,良,16,4,ダノンブギ,川田
2025-08-30,chukyo,6,3歳未勝利,1600,芝,良,16,5,ストンプ,吉村
2025-08-30,chukyo,6,3歳未勝利,1600,芝,良,16,6,ハツナギ,西塚
2025-08-30,chukyo,6,3歳未勝利,1600,芝,良,16,7,ローレルランウェイ,太宰
2025-08-30,chukyo,6,3歳未勝利,1600,芝,良,16,8,ホルンフェルス,鮫島良
2025-08-30,chukyo,6,3歳未勝利,1600,芝,良,16,9,アッケシ,高杉
2025-08-30,chukyo,6,3歳未勝利,1600,芝,良,16,10,ウインロゼライト,永島
2025-08-30,chukyo,6,3歳未勝利,1600,芝,良,16,11,ウチナータイム,小沢
2025-08-30,chukyo,6,3歳未勝利,1600,芝,良,16,12,サトノビエント,団野
2025-08-30,chukyo,6,3歳未勝利,1600,芝,良,16,13,ダノンブランニュー,岩田康
2025-08-30,chukyo,6,3歳未勝利,1600,芝,良,16,14,ヴェルニッツ,松若
2025-08-30,chukyo,6,3歳未勝利,1600,芝,良,16,15,アラバンサ,国分優
2025-08-30,chukyo,6,3歳未勝利,1600,芝,良,16,16,タイセイフィオーレ,松山
2025-08-30,chukyo,7,3歳以上1勝クラス,0,芝,良,10,1,キミオモウハナ,秋山稔
2025-08-30,chukyo,7,3歳以上1勝クラス,0,芝,良,10,2,ウィンターガーデン,松山
2025-08-30,chukyo,7,3歳以上1勝クラス,0,芝,良,10,3,ブラックドレス,永島
2025-08-30,chukyo,7,3歳以上1勝クラス,0,芝,良,10,4,ヒロインズクレスト,高杉
2025-08-30,chukyo,7,3歳以上1勝クラス,0,芝,良,10,5,マハナ,西塚
2025-08-30,chukyo,7,3歳以上1勝クラス,0,芝,良,10,6,オーケーエンジェル,富田
2025-08-30,chukyo,7,3歳以上1勝クラス,0,芝,良,10,7,カフェロワイヤル,団野
2025-08-30,chukyo,7,3歳以上1勝クラス,0,芝,良,10,8,ハイウェイスター,川田
2025-08-30,chukyo,7,3歳以上1勝クラス,0,芝,良,10,9,シゲルオトヒメ,和田翼
2025-08-30,chukyo,7,3歳以上1勝クラス,0,芝,良,10,10,オーケアニス,北村友
2025-08-30,chukyo,8,3歳以上1勝クラス,2000,芝,良,8,1,ラッキーベイ,松山
2025-08-30,chukyo,8,3歳以上1勝クラス,2000,芝,良,8,2,ニュークレド,高杉
2025-08-30,chukyo,8,3歳以上1勝クラス,2000,芝,良,8,3,オーシンエス,松若
2025-08-30,chukyo,8,3歳以上1勝クラス,2000,芝,良,8,4,ピースヒロフェイス,吉村
2025-08-30,chukyo,8,3歳以上1勝クラス,2000,芝,良,8,5,テンクウハット,太宰
2025-08-30,chukyo,8,3歳以上1勝クラス,2000,芝,良,8,6,グランデスフィーダ,岩田康
2025-08-30,chukyo,8,3歳以上1勝クラス,2000,芝,良,8,7,ジョイエッロ,田口
2025-08-30,chukyo,8,3歳以上1勝クラス,2000,芝,良,8,8,オーサムユニバンス,富田
2025-08-30,chukyo,9,清洲特別 [2勝クラス],0,芝,良,16,1,ホークマン,国分恭
2025-08-30,chukyo,9,清洲特別 [2勝クラス],0,芝,良,16,2,チェイスザウェイ,長岡
2025-08-30,chukyo,9,清洲特別 [2勝クラス],0,芝,良,16,3,ホウショウマリス,小沢
2025-08-30,chukyo,9,清洲特別 [2勝クラス],0,芝,良,16,4,ランウインディ,国分優
2025-08-30,chukyo,9,清洲特別 [2勝クラス],0,芝,良,16,5,アネモス,秋山稔
2025-08-30,chukyo,9,清洲特別 [2勝クラス],0,芝,良,16,6,ミロワール,酒井
2025-08-30,chukyo,9,清洲特別 [2勝クラス],0,芝,良,16,7,エコロネオ,松若
2025-08-30,chukyo,9,清洲特別 [2勝クラス],0,芝,良,16,8,タカネノハナコサン,中井
2025-08-30,chukyo,9,清洲特別 [2勝クラス],0,芝,良,16,9,ストリンジェンド,北村友
2025-08-30,chukyo,9,清洲特別 [2勝クラス],0,芝,良,16,10,ペプチドシュチク,高倉
2025-08-30,chukyo,9,清洲特別 [2勝クラス],0,芝,良,16,11,スペシャルナンバー,岩田康
2025-08-30,chukyo,9,清洲特別 [2勝クラス],0,芝,良,16,12,アスタールフナ,高杉
2025-08-30,chukyo,9,清洲特別 [2勝クラス],0,芝,良,16,13,アメリカンビキニ,団野
2025-08-30,chukyo,9,清洲特別 [2勝クラス],0,芝,良,16,14,メイショウヤーキス,菱田
2025-08-30,chukyo,9,清洲特別 [2勝クラス],0,芝,良,16,15,ヨシノヤッタルデー,角田和
2025-08-30,chukyo,9,清洲特別 [2勝クラス],0,芝,良,16,16,エールレヴリー,富田
2025-08-30,chukyo,10,桑名特別 [2勝クラス],1400,芝,良,11,1,ベルタソ,小崎
2025-08-30,chukyo,10,桑名特別 [2勝クラス],1400,芝,良,11,2,ホウオウサンデー,小沢
2025-08-30,chukyo,10,桑名特別 [2勝クラス],1400,芝,良,11,3,ヨウシタンレイ,松山
2025-08-30,chukyo,10,桑名特別 [2勝クラス],1400,芝,良,11,4,クイックバイオ,酒井
2025-08-30,chukyo,10,桑名特別 [2勝クラス],1400,芝,良,11,5,アドマイヤジェイ,団野
2025-08-30,chukyo,10,桑名特別 [2勝クラス],1400,芝,良,11,6,コト,高杉
2025-08-30,chukyo,10,桑名特別 [2勝クラス],1400,芝,良,11,7,ジオパーククラウン,吉村
2025-08-30,chukyo,10,桑名特別 [2勝クラス],1400,芝,良,11,8,ダノンキラウェア,川田
2025-08-30,chukyo,10,桑名特別 [2勝クラス],1400,芝,良,11,9,スマートルシーダ,松若
2025-08-30,chukyo,10,桑名特別 [2勝クラス],1400,芝,良,11,10,タガノアンファン,菱田
2025-08-30,chukyo,10,桑名特別 [2勝クラス],1400,芝,良,11,11,ケーブパール,北村友
2025-08-30,chukyo,11,名古屋城S（ハンデ）(15:35発走) [オープン],0,芝,良,16,1,ハピ,菱田
2025-08-30,chukyo,11,名古屋城S（ハンデ）(15:35発走) [オープン],0,芝,良,16,2,マリオロード,岩田康
2025-08-30,chukyo,11,名古屋城S（ハンデ）(15:35発走) [オープン],0,芝,良,16,3,サンマルパトロール,酒井
2025-08-30,chukyo,11,名古屋城S（ハンデ）(15:35発走) [オープン],0,芝,良,16,4,テーオーパスワード,松山
2025-08-30,chukyo,11,名古屋城S（ハンデ）(15:35発走) [オープン],0,芝,良,16,5,リアレスト,吉村
2025-08-30,chukyo,11,名古屋城S（ハンデ）(15:35発走) [オープン],0,芝,良,16,6,プリンスミノル,富田
2025-08-30,chukyo,11,名古屋城S（ハンデ）(15:35発走) [オープン],0,芝,良,16,7,タイセイドレフォン,田口
2025-08-30,chukyo,11,名古屋城S（ハンデ）(15:35発走) [オープン],0,芝,良,16,8,ヴァンヤール,北村友
2025-08-30,chukyo,11,名古屋城S（ハンデ）(15:35発走) [オープン],0,芝,良,16,9,タクシンイメル,高倉
2025-08-30,chukyo,11,名古屋城S（ハンデ）(15:35発走) [オープン],0,芝,良,16,10,コトホドサヨウニ,川田
2025-08-30,chukyo,11,名古屋城S（ハンデ）(15:35発走) [オープン],0,芝,良,16,11,アムールドパリ,小沢
2025-08-30,chukyo,11,名古屋城S（ハンデ）(15:35発走) [オープン],0,芝,良,16,12,ザイツィンガー,高杉
2025-08-30,chukyo,11,名古屋城S（ハンデ）(15:35発走) [オープン],0,芝,良,16,13,サンデーファンデー,角田和
2025-08-30,chukyo,11,名古屋城S（ハンデ）(15:35発走) [オープン],0,芝,良,16,14,ペイシャフラワー,永島
2025-08-30,chukyo,11,名古屋城S（ハンデ）(15:35発走) [オープン],0,芝,良,16,15,リチュアル,団野
2025-08-30,chukyo,11,名古屋城S（ハンデ）(15:35発走) [オープン],0,芝,良,16,16,ポッドロゴ,長岡
2025-08-30,chukyo,12,3歳以上1勝クラス,0,芝,良,12,1,タイセイレグノ,高杉
2025-08-30,chukyo,12,3歳以上1勝クラス,0,芝,良,12,2,モレポブラーノ,北村友
2025-08-30,chukyo,12,3歳以上1勝クラス,0,芝,良,12,3,マッハレイジング,小崎
2025-08-30,chukyo,12,3歳以上1勝クラス,0,芝,良,12,4,ワンウェイトゥヘル,吉村
2025-08-30,chukyo,12,3歳以上1勝クラス,0,芝,良,12,5,ゴメンネジロー,田山
2025-08-30,chukyo,12,3歳以上1勝クラス,0,芝,良,12,6,エリカドリーム,富田
2025-08-30,chukyo,12,3歳以上1勝クラス,0,芝,良,12,7,メイケイレイン,岩田康
2025-08-30,chukyo,12,3歳以上1勝クラス,0,芝,良,12,8,サマーナイト,小沢
2025-08-30,chukyo,12,3歳以上1勝クラス,0,芝,良,12,9,マリーヌ,団野
2025-08-30,chukyo,12,3歳以上1勝クラス,0,芝,良,12,10,モズタチアガレ,西塚
2025-08-30,chukyo,12,3歳以上1勝クラス,0,芝,良,12,11,トリプルバレル,永島
2025-08-30,chukyo,12,3歳以上1勝クラス,0,芝,良,12,12,ランスオブプライム,田口
